﻿<?xml version="1.0" encoding="utf-8"?><ns0:RespondVGM xmlns:ns0="http://xml.inttra.com/vgm/services/01/publication/ApkXmlRespone"><MessageGuid>b7c9a238-8682-4be6-b5bd-39f0e3985635</MessageGuid><MessageDateTime>2020-01-14T06:53:04</MessageDateTime><MessageVersion>1.0</MessageVersion><SenderID>INTTRA</SenderID><TransactionUniqueIdentifier>01_VGMOriginal_20200114R1</TransactionUniqueIdentifier><SubmitterReference>R1_20200114R01_AOW</SubmitterReference><State>Original</State><Status>Accepted</Status><INTTRA>INTTRA</INTTRA><ContainerNumber>TRGO0114001</ContainerNumber><INTTRAeVGMID>1039499</INTTRAeVGMID><BookingNumber>R1_20200114R01_BN</BookingNumber></ns0:RespondVGM>