<?xml version="1.0" encoding="utf-8"?><ns0:RespondVGM xmlns:ns0="http://xml.inttra.com/vgm/services/01/publication/ApkXmlRespone"><MessageGuid>691705b7-5b69-46ba-a435-4d03bb75e505</MessageGuid><MessageDateTime>2020-01-14T08:19:22</MessageDateTime><MessageVersion>1.0</MessageVersion><SenderID>INTTRA</SenderID><SubmitterReference>R1_20200114R01_AOW</SubmitterReference><State>Original</State><Status>Acknowledged</Status><Carrier><PartyID><IDType>PartnerAlias</IDType><ID>CA2000</ID></PartyID><PartyName1>Süd and Aliança_</PartyName1></Carrier><ContainerNumber>TRGO0114001</ContainerNumber><INTTRAeVGMID>1039499</INTTRAeVGMID><BookingNumber>R1_20200114R01_BN</BookingNumber></ns0:RespondVGM>