﻿<?xml version="1.0" encoding="utf-8"?><ns0:RespondVGM xmlns:ns0="http://xml.inttra.com/vgm/services/01/publication/ApkXmlRespone"><MessageGuid>0512decb-f701-4db4-a523-c7316bb6409a</MessageGuid><MessageDateTime>2020-01-14T09:57:07</MessageDateTime><MessageVersion>1.0</MessageVersion><SenderID>INTTRA</SenderID><TransactionUniqueIdentifier>1215XMLR1</TransactionUniqueIdentifier><SubmitterReference>200114XMLR001</SubmitterReference><State>Original</State><Status>Accepted</Status><INTTRA>INTTRA</INTTRA><ContainerNumber>RXML0114501</ContainerNumber><INTTRAeVGMID>1039501</INTTRAeVGMID><BookingNumber>BN_200107XMLR001</BookingNumber><BillOfLadingNumber>BL_200107XMLR001</BillOfLadingNumber><ShippersReferenceNumber>SRN_200107XMLR001</ShippersReferenceNumber></ns0:RespondVGM>