﻿<?xml version="1.0" encoding="utf-8"?><ns0:RespondVGM xmlns:ns0="http://xml.inttra.com/vgm/services/01/publication/ApkXmlRespone"><MessageGuid>130fa0da-6ad7-40df-9d2e-48cb76371322</MessageGuid><MessageDateTime>2020-01-14T10:02:06</MessageDateTime><MessageVersion>1.0</MessageVersion><SenderID>INTTRA</SenderID><TransactionUniqueIdentifier>1215XMLR1</TransactionUniqueIdentifier><SubmitterReference>200114XMLR601</SubmitterReference><State>Original</State><Status>Accepted</Status><INTTRA>INTTRA</INTTRA><ContainerNumber>RXML0114601</ContainerNumber><INTTRAeVGMID>1039502</INTTRAeVGMID><BookingNumber>BN_200107XMLR001</BookingNumber><BillOfLadingNumber>BL_200107XMLR001</BillOfLadingNumber><ShippersReferenceNumber>SRN_200107XMLR001</ShippersReferenceNumber></ns0:RespondVGM>