<?xml version="1.0" encoding="utf-8"?><ns0:RespondVGM xmlns:ns0="http://xml.inttra.com/vgm/services/01/publication/ApkXmlRespone"><MessageGuid>ef200000-85d6-4a11-9cd6-ab77b4c9fb3c</MessageGuid><MessageDateTime>2020-01-14T09:13:21</MessageDateTime><MessageVersion>1.0</MessageVersion><SenderID>INTTRA</SenderID><SubmitterReference>R1_20200114R01_AOW</SubmitterReference><State>Original</State><Status>Accepted</Status><Carrier><PartyID><IDType>PartnerAlias</IDType><ID>CA2000</ID></PartyID><PartyName1>Süd and Aliança_</PartyName1></Carrier><ContainerNumber>TRGO0114001</ContainerNumber><INTTRAeVGMID>1039499</INTTRAeVGMID><BookingNumber>R1_20200114R01_BN</BookingNumber></ns0:RespondVGM>