<?xml version="1.0" encoding="UTF-8"?>
<!--Sample XML file generated by XMLSpy v2009 sp1 (http://www.altova.com)-->
<n1:SubmitVGM xsi:schemaLocation="http://xml.inttra.com/vgm/services/01/publication VGM_XML_IN_V0.8_UCA.xsd" xmlns:xsi="http://www.w3.org/2001/XMLSchema-instance" xmlns:n1="http://xml.inttra.com/vgm/services/01/publication">
	<MessageGuid>0818QAXMLUC04</MessageGuid>
	<MessageDateTime>2016-06-06T09:30:47Z</MessageDateTime>
	<MessageVersion>1.0</MessageVersion>
	<TenantID>INTTRA</TenantID>
	<State>Original</State>
	<Submitter>
		<PartyID>
			<IDType>INTTRACompanyID</IDType>
			<ID>802441</ID>
		</PartyID>
		<PartyName1>Test Shipper XML</PartyName1>
	</Submitter>
	<SubmitterReference>0818QAXMLUC04</SubmitterReference>
	<ContainerNumber>SHAH170123</ContainerNumber>
	<VerifiedGrossMass>
		<Mass>1221.123</Mass>
		<UOM>KGM</UOM>
	</VerifiedGrossMass>
	<VerificationDetails>
		<VerificationSignature>RAMESH GOUTAM</VerificationSignature>
		<VerificationDateTime>2016-04-22T09:30:47Z</VerificationDateTime>
		<Delegated>true</Delegated>
	</VerificationDetails>
	<VGMDeterminationDateTime>2016-04-20T09:30:47Z</VGMDeterminationDateTime>
	<ResponsibleParty>
		<PartyID>
			<IDType>INTTRACompanyID</IDType>
			<ID>802441</ID>
		</PartyID>
		<PartyName1>Test Responsible Party1</PartyName1>
	</ResponsibleParty>
	<Carrier>
			<PartyID>
				<IDType>INTTRACompanyID</IDType>
				<ID>802435</ID>
			</PartyID>
			<PartyName1>Test Carrier MaerskLine</PartyName1>
	</Carrier>
	<Shipper>
				<PartyID>
					<IDType>INTTRACompanyID</IDType>
				<ID>802441</ID>
				</PartyID>
			<PartyName1>a</PartyName1>
	</Shipper>
	<BookingNumber>BN_RG0818QAXMLUC04</BookingNumber>
	<BillOfLadingNumber>BL_RG0818QAXMLUC04</BillOfLadingNumber>
	<ShippersReferenceNumber>SRN_RG0818QAXMLUC04</ShippersReferenceNumber>
	<ContainerDetails>
		<ShipperOwned>false</ShipperOwned>
		<ISOContainerType>45G0</ISOContainerType>
		<CarrierSeal>CA2275563453434434234234234234234343</CarrierSeal>
	</ContainerDetails>
</n1:SubmitVGM>
