<?xml version="1.0" encoding="UTF-8"?>
<!--Sample XML file generated by XMLSpy v2009 sp1 (http://www.altova.com)-->
<n1:SubmitVGM xsi:schemaLocation="http://xml.inttra.com/vgm/services/01/publication VGM_XML_IN_V0.8_UCA.xsd" xmlns:xsi="http://www.w3.org/2001/XMLSchema-instance" xmlns:n1="http://xml.inttra.com/vgm/services/01/publication">
	<MessageGuid>708221071</MessageGuid>
	<MessageDateTime>2017-05-17T16:16:44Z</MessageDateTime>
	<MessageVersion>1.0</MessageVersion>
	<TenantID>INTTRA</TenantID>
	<State>Original</State>
	<Submitter>
		<PartyID>
			<IDType>INTTRACompanyID</IDType>
			<ID>801300</ID>
		</PartyID>
		<PartyName1>Test Shipper XML</PartyName1>
	</Submitter>
	<SubmitterReference>AOW_01708221071</SubmitterReference>
	<ContainerNumber>JMCA0114483</ContainerNumber>
	<VerifiedGrossMass>
		<Mass>1221.123</Mass>
		<UOM>KGM</UOM>
	</VerifiedGrossMass>
	<VerificationDetails>
		<VerificationSignature>RAMESH GOUTAM</VerificationSignature>
		<VerificationDateTime>2017-05-17T16:16:44Z</VerificationDateTime>
		<Delegated>false</Delegated>
	</VerificationDetails>
	<VGMDeterminationDateTime>2017-05-16T16:16:44Z</VGMDeterminationDateTime>
	<ResponsibleParty>
		<PartyID>
			<IDType>INTTRACompanyID</IDType>
			<ID>802441</ID>
		</PartyID>
		<PartyName1>Test Responsible Party1</PartyName1>
	</ResponsibleParty>
	<Carrier>
			<PartyID>
				<IDType>INTTRACompanyID</IDType>
				<ID>802435</ID>
			</PartyID>
			<PartyName1>Test Carrier MaerskLine</PartyName1>
	</Carrier>
	<Shipper>
				<PartyID>
					<IDType>INTTRACompanyID</IDType>
				<ID>802441</ID>
				</PartyID>
			<PartyName1>a</PartyName1>
	</Shipper>	
	<BookingNumber>BN_01708221071</BookingNumber>
	<BillOfLadingNumber>BM_01708221071</BillOfLadingNumber>
	<ShippersReferenceNumber>SI_01708221071</ShippersReferenceNumber>
	<ContainerDetails>
		<ShipperOwned>false</ShipperOwned>
		<ISOContainerType>45G0</ISOContainerType>
		<CarrierSeal>CA_01708221071</CarrierSeal>
	</ContainerDetails>
</n1:SubmitVGM>
